time,band,flux,flux_err,zp,zpsys
49980,sdssg,0.16991958878465735,0.008290186783899391,25.0,ab
49980,sdssr,0.1805042594727581,0.009088141248571846,25.0,ab
49980,sdssi,0.162493300801095,0.00786990274970713,25.0,ab
49983,sdssg,3.178341276249576,0.14767174033832844,25.0,ab
49983,sdssr,3.160948361809507,0.15991980620588586,25.0,ab
49983,sdssi,2.7440747688576086,0.13882908947010827,25.0,ab
49986,sdssg,14.794267788656201,0.6855796787000797,25.0,ab
49986,sdssr,14.405798579153535,0.693672606512684,25.0,ab
49986,sdssi,11.936157660880312,0.6111540414603281,25.0,ab
49989,sdssg,29.547592511995674,1.4383598952274388,25.0,ab
49989,sdssr,27.915945949613505,1.4289064233790363,25.0,ab
49989,sdssi,24.26950472359958,1.2424066226909753,25.0,ab
49992,sdssg,45.474999577375655,2.2465708100471353,25.0,ab
49992,sdssr,40.12733031881338,2.2186075121201085,25.0,ab
49992,sdssi,34.06109394555458,1.8637998797155821,25.0,ab
49995,sdssg,55.99893969799696,2.880943000995541,25.0,ab
49995,sdssr,54.262685784365594,2.8578609127176695,25.0,ab
49995,sdssi,44.58455881780176,2.1947434274989597,25.0,ab
49998,sdssg,60.44100478548499,3.1657805889012525,25.0,ab
49998,sdssr,59.64823506171095,3.2090171962835394,25.0,ab
49998,sdssi,45.634209781958425,2.1259181249638566,25.0,ab
50001,sdssg,61.96536076719639,3.1336432574453488,25.0,ab
50001,sdssr,67.33050099601569,3.3551966295623186,25.0,ab
50001,sdssi,38.39351158623167,2.06691752936216,25.0,ab
50004,sdssg,56.37905876108578,2.897829452687455,25.0,ab
50004,sdssr,65.90623669542623,3.2771365113377944,25.0,ab
50004,sdssi,37.544987210877395,1.9918816073989607,25.0,ab
50007,sdssg,51.81936650421364,2.5431947635637817,25.0,ab
50007,sdssr,58.141769755778355,2.997097215028622,25.0,ab
50007,sdssi,35.25211211820826,1.7886932377985805,25.0,ab
50010,sdssg,41.1653847931716,2.1221138360101186,25.0,ab
50010,sdssr,56.46294952436392,2.583847370403259,25.0,ab
50010,sdssi,29.128106434989697,1.4573889570636884,25.0,ab
50013,sdssg,32.32678350309447,1.7065933996599398,25.0,ab
50013,sdssr,45.64059083458997,2.191883510264933,25.0,ab
50013,sdssi,22.54799950482897,1.2006929962428359,25.0,ab
50016,sdssg,26.787739807150544,1.32554419407195,25.0,ab
50016,sdssr,34.05353717429359,1.8876339517144787,25.0,ab
50016,sdssi,19.925183063327903,1.0671263710911383,25.0,ab
50019,sdssg,20.799062285362545,1.0298166651966656,25.0,ab
50019,sdssr,36.36370970745875,1.753442645684115,25.0,ab
50019,sdssi,22.278847117199348,1.1044788239761916,25.0,ab
50022,sdssg,15.959786223891426,0.802630553439451,25.0,ab
50022,sdssr,32.43059245816397,1.6463153040154108,25.0,ab
50022,sdssi,21.359087518237605,1.1532065371418665,25.0,ab
50025,sdssg,12.261388703036342,0.6359591092295548,25.0,ab
50025,sdssr,29.926467673226632,1.53159918189898,25.0,ab
50025,sdssi,25.496155373356874,1.2108092026749397,25.0,ab
50028,sdssg,10.457679052689258,0.5140521663273446,25.0,ab
50028,sdssr,25.685323476491934,1.4084214526603198,25.0,ab
50028,sdssi,25.916673978841942,1.2751706801580236,25.0,ab
50031,sdssg,8.2968265437207,0.42298564094597674,25.0,ab
50031,sdssr,24.193164263739558,1.2520348085394382,25.0,ab
50031,sdssi,25.345349779432766,1.2296598987999199,25.0,ab
50034,sdssg,7.434126494518883,0.3534843166425313,25.0,ab
50034,sdssr,22.585518342779125,1.0790319662366057,25.0,ab
50034,sdssi,21.17844408031682,1.1053017331617245,25.0,ab
50037,sdssg,5.987706269127253,0.3040867832927072,25.0,ab
50037,sdssr,18.918570270947235,0.9305163122192252,25.0,ab
50037,sdssi,20.093886852016087,0.9579674201665324,25.0,ab
